Well Park Residence,USD,39,This property offers: | Breakfast | Free WiFi
Radisson Blu Chattogram Bay View,USD,135,This property offers: | Breakfast | Free WiFi
Hotel Agrabad,USD,47,This property offers: | Breakfast | Parking | Free WiFi
Orchid Business Hotel,USD,47,This property offers: | Parking | Free WiFi
Hotel Hoque Tower International,USD,10,This property offers: | Breakfast | Parking
White Park Boutique Hotel,USD,35,This property offers: | Breakfast | Parking
The Al Aqsa,USD,35,This property offers: | Breakfast | Parking | Free WiFi
Royal Park Residential Hotel,USD,21,This property offers: | Free WiFi
HOTEL REGENT PARK,USD,10,This property offers: | Parking | Free WiFi
White Park Hotel & Suites,USD,36,This property offers: | Breakfast | Parking | +2
The Peninsula Chittagong Hotel,USD,65,This property offers: | Breakfast | Parking | Free WiFi
Royal Living Hotel & Suites,USD,63,This property offers: | Free WiFi
HOTEL HERITAGE,USD,24,This property offers: | Breakfast | Parking | Free WiFi
The Alina Hotel & Suites,USD,10,This property offers: | Breakfast | Parking
Hotel Saint Martin Ltd.,USD,54,This property offers: | Parking | Free WiFi
Hotel City Inn,USD,25,This property offers: | Breakfast | Parking
Hotel Regal Palace,USD,16,This property offers: | Breakfast
Shopnonir Hotel & Restaurant,USD,18,This property offers: | Breakfast | Parking | +2
Naba Inn,USD,34,This property offers: | Parking
Foys Lake Resort,USD,34,This property offers: | Breakfast | +5
Pearl Harbour Business Hotel,USD,70,This property offers: | Breakfast | Parking | +2
Hotel GM Palace,USD,49,This property offers: | Breakfast | Parking | +2
The Peninsula Chittagong Hotel,USD,12,This property offers: | Parking | Express check-in | Free WiFi
Hotel Star Park,USD,65,This property offers: | Free WiFi
Executive Residence,USD,22,This property offers: | Breakfast | Parking | Free WiFi
Grand Park Hotel,USD,34,This property offers: | Parking | Free WiFi
Hotel Swiss Garden International,USD,22,This property offers: | Breakfast | Parking | Free WiFi
Hotel Golden Inn Chattagram Ltd,USD,21,This property offers: | Airport transfer | Shuttle service | +7
THE AVENUE HOTEL & SUITES,USD,50,This property offers: | Breakfast | Parking
Heritage B.R Hotel Suites and Restaurant,USD,30,This property offers: | Breakfast | Welcome drink | +2
Asian SR Hotel,USD,30,This property offers: | Convenience store | +7
Private Penthouse Apartment With Stunning Rooftop Garden In Chittagong,USD,32,This property offers: | Breakfast | Parking
Hotel Royal Avenue,USD,27,This property offers: | Breakfast | Free WiFi
Spacious Penthouse in heart of city. By GEC circle,USD,41,This property offers: | Breakfast | Parking
Hotel Agrabad,USD,45,This property offers: | Breakfast
Home Away From Home,USD,54,This property offers: | Breakfast | Parking | Free WiFi
