Hotel_name,Currency,Price,Properties
Hotel Sea Moon,USD,23,This property offers: | Breakfast | Parking | Free WiFi
BEST WESTERN HERITAGE,USD,38,This property offers: | Breakfast | Parking | Free WiFi | +1
Hotel Auster echo,USD,15,This property offers: | Parking | Free WiFi
Hotel The Cox Today,USD,39,This property offers: | Breakfast | Parking | Free WiFi
Grace Cox Smart Hotel,USD,20,This property offers: | Breakfast | Parking | Free WiFi
Rain View Resort,USD,13,This property offers: | Breakfast | Parking | Free WiFi
Saint Martin Resort,USD,41,This property offers: | Breakfast | Parking | Free WiFi | +1
Seagull Hotels Ltd.,USD,35,This property offers: | Breakfast | Parking | +2
Windy Terrace Boutique Hotel,USD,51,This property offers: | Breakfast | Parking | Free WiFi
Sea Pearl Beach Resort & Spa,USD,27,This property offers: | Breakfast | Parking | Free WiFi
Hotel Sea Cox,USD,20,This property offers: | Breakfast | Parking | Express check-in
Shahjadi Resort,USD,51,This property offers: | Parking | Free WiFi
Sea Pearl Beach Resort & Spa Cox's Bazar,USD,20,This property offers: | Breakfast | Parking | Free WiFi
Reem Resort,USD,28,This property offers: | Breakfast | Parking | +2
Hotel Bay Wonders,USD,33,This property offers: | Parking | Free WiFi
Fu Wang Dominous Resort,USD,20,This property offers: | Breakfast | Parking | Free WiFi
Laguna Beach Hotel & Resort,USD,27,This property offers: | Parking | Free WiFi
Well Park Resort,USD,30,This property offers: | Breakfast | Parking | Free WiFi
Hotel Sea Uttara,USD,25,This property offers: | Breakfast | +4
Hotel Arcane,USD,43,This property offers: | Parking | Free WiFi
Urmee Guest House,USD,11,This property offers: | Breakfast | Parking | Free WiFi
Long Beach Hotel Cox's Bazar,USD,22,This property offers: | Parking
Hotel Sea Queen Pvt Ltd,USD,25,This property offers: | Breakfast | Parking | Free WiFi
Hotel Vista Bay,USD,20,This property offers: | Breakfast | Parking
Hotel Reyadha International,USD,51,This property offers: | Breakfast | Parking | +2
Hotel Regal Palace,USD,55,This property offers: | Breakfast | Parking
Naioree Studio Apartment,USD,104,This property offers: | Breakfast | Parking | +2
Ocean Paradise Hotel & Resorts,USD,44,This property offers: | Breakfast
Cox's Bazar Surf Club Resort & Cafe,USD,35,This property offers: | Parking | Free WiFi
Modern Resort,USD,25,This property offers: | Parking
DERA Resort & Spa,USD,13,This property offers: | Breakfast | Parking
Sun Set Bay Hotel,USD,25,This property offers: | Parking
Hotel Kollol by J & Z Group,USD,20,This property offers: | Breakfast | Parking | +2
Hotel Suite Sadaf,USD,15,This property offers: | Breakfast | Parking | +2
Muscat Holiday Resort,USD,23,This property offers: | Breakfast | Parking | Free WiFi
Hotel Opera Ocean,USD,35,This property offers: | Breakfast | Parking | Free WiFi
Sea Front Resort,USD,31,This property offers: | Breakfast | Parking
Elite Cox's Resort,USD,34,This property offers: | Parking | Express check-in | Free WiFi
Royal Beach Resort,USD,41,This property offers: | Express check-in | Free WiFi
Uni Resort,USD,55,This property offers: | Breakfast
Beach Way,USD,39,This property offers: | Breakfast | Parking | Free WiFi
World Beach Resort,USD,38,This property offers: | Parking | Free WiFi
Resort Islandia,USD,38,This property offers: | Breakfast | Parking | Free WiFi
Hotel Sea Crown,USD,15,This property offers: | Breakfast | Parking | +2
Cox Hill Tower,USD,34,This property offers: | Breakfast | Parking | Free WiFi
Neeshorgo Hotel And Resort Ltd,USD,28,This property offers: | Breakfast | Parking
White Orchid,USD,45,This property offers: | Breakfast | Parking | Free WiFi
Grand Beach Resort,USD,20,This property offers: | Breakfast
Bay Marina Cox's Bazar,USD,27,This property offers: | Breakfast | Parking | Free WiFi
Unity Inn,USD,24,This property offers: | Breakfast
Sea Paradise,USD,24,This property offers: | Breakfast | Parking | Free WiFi
Impulse Ocean View,USD,25,This property offers: | Parking | Free WiFi
Mohammadia Guest House,USD,35,This property offers: | Breakfast | Free WiFi
Hotel Beach Park,USD,50,This property offers: | Breakfast | Parking | Free WiFi
Bashati Bay Resort,USD,20,This property offers: | Breakfast | Parking | Free WiFi
Prime Park Hotel,USD,34,This property offers: | Breakfast | Parking | Free WiFi
Hotel South Beach,USD,53,This property offers: | Breakfast
Maui Resort,USD,48,This property offers: | Breakfast | Parking | Free WiFi
Shopno Bilash Holiday Suites,USD,29,This property offers: | Parking | Free WiFi
Hotel Golden Hill,USD,49,This property offers: | Breakfast | Parking
Castle Bay Touch,USD,61,This property offers: | Breakfast | Parking | Free WiFi
