Hotel Hill Ambassador,USD,24,This property offers: | Breakfast | Parking
White Park Boutique Hotel,USD,35,This property offers: | Breakfast | Parking
Well Park Residence,USD,39,This property offers: | Breakfast | Free WiFi
The Al Aqsa,USD,35,This property offers: | Breakfast | Parking
Spacious Penthouse in heart of city. By GEC circle,USD,135,This property offers: | Breakfast | Free WiFi
Radisson Blu Chattogram Bay View,USD,34,This property offers: | Breakfast | Parking | +2
Grand Park Hotel,USD,34,This property offers: | Breakfast | Parking
Naba Inn,USD,34,This property offers: | Free WiFi
HOTEL HERITAGE,USD,10,This property offers: | Breakfast | Parking | Free WiFi
Royal Park Residential Hotel,USD,21,This property offers: | Breakfast | +5
The Peninsula Chittagong Hotel,USD,65,This property offers: | Breakfast | Parking | +2
The Peninsula Chittagong Hotel,USD,65,This property offers: | Airport transfer | Shuttle service | +7
Private Penthouse Apartment With Stunning Rooftop Garden In Chittagong,USD,63,This property offers: | Parking | Free WiFi
Hotel Regal Palace,USD,32,This property offers: | Breakfast | Parking
3 beds flat in Chittagong,USD,16,This property offers: | Breakfast | Parking
Hotel Royal Avenue,USD,27,This property offers: | Breakfast | Free WiFi
Hotel Tower Inn,USD,54,This property offers: | Parking | Free WiFi
Hotel Rose Garden,USD,26,This property offers: | Breakfast
Hotel Green Castle,USD,15,This property offers: | Parking | Free WiFi
