Masterchef Restaurant, 3.9 stars 341 Reviews, N106
Rhong Raang Restaurant |  Somota Ghat |  Rangamati, 4.4 stars 66 Reviews, Banarupa Road
Chandrima Riverview Park & Restaurant, 4.0 stars 227 Reviews, N106
Kutum bari restora, 3.9 stars 435 Reviews, Banarupa Road
Pajon Restaurant, 4.3 stars 246 Reviews, M567+WPG |  Kallan Pur |  |  North 106
Amader Restora Rangamati, 4.5 stars 8 Reviews, Mari Stadium
Darucini Cafe, 4.1 stars 95 Reviews, 3rd floor |  Mayabini shopping complex |  Banarupa Road
নিউ ক্যান্ডি ভাত ঘর, 5.0 stars 1 Reviews, Tabalchari Bazar |  Tabalchari Bazar Rangamati hill tracts
অজলঘর হোটেল এন্ড রেষ্টুরেন্ট, 4.0 stars 1 Reviews, M53H+9G9
Gang Sabarang, 4.3 stars 249 Reviews, Pagoda Road |  Asham Basti
Hotel Red Chilli Restaurant & Biriani House, 4.1 stars 33 Reviews, M53W+QPM |  Launch Ghat Road |  Reserve Bazar |  Rangamati District
Hill N High Cafe, 3.9 stars 37 Reviews, M569+CR6
পিবির ভাতঘর- Pibir Bhat Ghor, 4.0 stars 106 Reviews, J5WV+G6F পুরাতন বাসস্ট্যান্ড
সজীব ফুডস পয়েন্ট, 5.0 stars 2 Reviews, J5XM+JJV Kathaltali |  Forest Colony - Pourosova Road
Rangamati Hill Tourist Restaurant & Coffee House, 3.8 stars 8 Reviews, M56C+92Q
Sabarang Restaurant, 4.0 stars 38 Reviews, B&S Centre |  Bijan Sarani |  North Kalindipur |  Near Yamaha Show Room
Sunjuk Hotel & Restaurant, 3.8 stars 72 Reviews, North 106
Rainbow Coffee House & Restaurant, 4.2 stars 10 Reviews, Food Mahal Restaurant |  B M shopping complex 2. 1st floor |  202 Ka Banarupa Road
Food Mahal, 4.1 stars 34 Reviews, M569+85R
Jhumbi best Fashion house in Rangamati, 3.7 stars 42 Reviews, M55C+V45
Flavour Restaurant, 2.0 stars 2 Reviews, 4500
Cafe Link Coffee House, 3.5 stars 153 Reviews, M569+85R
Jhumbi best Fashion house in Rangamati, 4.7 stars 3 Reviews, J5QP+WR3
লেক ভিউ হোটেল এন্ড রেস্টুরেন্ট (Lake View Hotel & Restaurant), 3.7 stars 6 Reviews, J5WV+82C
Annapurna, 4.2 stars 74 Reviews, M53H+MG4
Cafe Sholoana, 3.8 stars 15 Reviews, 102 Hospital Road
Mejang Cafe, 3.8 stars 46 Reviews, M53H+HPR Kata pahar |  Banarupa Road
Irish Restaurent, 4.0 stars 1 Reviews, M568+6WW
Kebang Restaurant, 4.5 stars 2 Reviews, N106
গিরি মালঞ্চ রেস্তরাঁ, 3.2 stars 26 Reviews, তবলছড়ি নিচের বাজার
হোটেল কড়াই এন্ড রেষ্টুরেন্ট, 4.0 stars 5 Reviews, M53M+3PW পার্বত্য জেলা। |  পৌরসভা সংলগ্ন |  কাঠালতলী
রাঙ্গামাটি হিল ট্যুরিষ্ট রেষ্টুরেন্ট এন্ড কফি হাউস, 4.8 stars 8 Reviews, J5XM+VC5 |  N106
শালিক রেস্টুরেন্ট এন্ড বিরিয়ানী হাউজ, 4.4 stars 12 Reviews, M53H+H76 |  N106
Nanna Biriyani House |  Rangamati, 4.2 stars 6 Reviews, Old bus station |  road Reserve Bazar
সজীবের রান্নাঘর, 3.3 stars 49 Reviews, M55C+9FJ |  Jamini sarani
River view Restaurant |  Rangamati, 4.5 stars 6 Reviews, M568+6WM |  Rajbari Road
Tumbaz, 3.9 stars 50 Reviews, J5WR+GMF
ফরিদ কুলিং কর্নার | রাঙ্গামাটি, 4.0 stars 72 Reviews, Banorupa North 106
সলিউশন ডাইনিং, 5.0 stars 2 Reviews, Stadium Market |  Rajbari Road
Mezban Restaurant, 4.4 stars 104 Reviews, M567+RMW
Rip Rip Restaurant, 3.4 stars 30 Reviews, J5P9+4GF
সমাজ্জে রেষ্টুরেন্টে এন্ড জুস ঘর, 3.7 stars 52 Reviews, M53H+4JW |  Banorupa |  |  North 106
জুম কিচেন, 3.0 stars 2 Reviews, Rajbari Road
Malancha, 2.5 stars 14 Reviews, Bridge
বিসমিল্লাহ হোটেল এন্ড রেস্টুরেন্ট, 5.0 stars 4 Reviews, M566+P67
Chilekotha Cafe & Restaurant, 2.9 stars 7 Reviews, M53W+5PV |  Reserve bazar |  N106
Bamboo Shoot Restaurant, 3.9 stars 78 Reviews, M52W+56R |  New Bus Stand |  Reserve Bazaar |  North 106
Hill Apon Bari Restaurant, 3.9 stars 25 Reviews, Banarupa Road
খাজা হোটেল এন্ড রেঁস্তোরা, 4.8 stars 4 Reviews, M53H+5F5
থাই এন্ড জুম ফুড, 4.6 stars 7 Reviews, College Gate
মেজবান রেস্তোঁরা, 4.9 stars 7 Reviews, J5XW+4RV
Baishakhiz Home Cooking, 3.7 stars 7 Reviews, J5WM+WPR
দোল - a floating lake titanic restaurant in rangamati, 5.0 stars 2 Reviews, J5WR+3XC
আল-মদিনা রেস্টুরেন্ট, 4.0 stars 14 Reviews, রাঙ্গামাটি সদর উপজেলা
তানিশা কুলিংকর্ণার, 4.4 stars 5 Reviews, M53H+PFH
Cafe Saymeen Restaurant, 4.7 stars 3 Reviews, bazar |  Vedvedi
আগং হোটেল এন্ড রেষ্টুরেন্ট, 4.7 stars 10 Reviews, M53W+JVH Taxi Stand |  Reserve Bazar
Red chilli restaurant and biryani house, 4.3 stars 12 Reviews, J5XM+GPH |  N106
Dhansiri Restaurant, 5.0 stars 2 Reviews, Reserve Bazar
হোটেল সাফিন, 3.3 stars 45 Reviews, M56H+X2W
Daimond, 4.1 stars 7 Reviews, N 106
Rajdhep Rani Market, 5.0 stars 1 Reviews, Contractor centre |  Pouroshova Area
রিপন হোটেল, 3.3 stars 3 Reviews, Uttora Market |  Banarupa Road
Baraqah cafe & Restaurant, 4.0 stars 56 Reviews, M569+CQ5
Cafe Dawat Restaurant, 4.4 stars 20 Reviews, M54H+8P2
Stifen bhat ghor, 5.0 stars 1 Reviews, Nabab Mia Complax |  N106
Niribili Hotel, 4.0 stars 4 Reviews, Central Shaheed Minar |  Reserve Bazar
হাজি বিরিয়ানী, 4.1 stars 8 Reviews, M53H+7MM |  Jabed Market | Bonorupa |  |  North 106
Rongberong, 5.0 stars 2 Reviews, M54F+X86 |  central shahid minar
দোল - A Floating Lake view Restaurant in Rangamati, 4.5 stars 2 Reviews, M53H+HFC
Al Makka Restaurant, 5.0 stars 2 Reviews, On the ground floor of One bank |  H B plaza |  Banarupa Road
Chandrima Restaurant, 2.0 stars 1 Reviews, M566+RH5
বন্ধুর বাড়ি রেস্তোরাঁ, 5.0 stars 1 Reviews, M53W+PQ7 |  Reserve Bazar
ভোজন বাড়ি রেস্তোরাঁ রাঙ্গামাটি, 4.0 stars 1 Reviews, M564+WRH
মায়ের দোয়া হোটেল। Hotel Mayer Doa, 4.4 stars 148 Reviews, M569+CQ5
Hotel Shundorbon & Biriyani house, 4.0 stars 3 Reviews, Happy Mour  |  Champaknagar
Vedvedi Army Camp, 5.0 stars 1 Reviews, J5XM+PH5
Gallery Restaurant, 3.9 stars 9 Reviews, J5WV+QJP |  N106
Ranga Cafe & Restaurant, 3.5 stars 4 Reviews, J5XM+QFP
Kasturi Kitchen, 3.3 stars 3 Reviews, J5WR+GQ
মা কুলিংকর্নার, 4.0 stars 3 Reviews, M569+CQ5
মামুর দোকান, 5.0 stars 1 Reviews, M568+7V7 |  N106
Rangamati, 4.5 stars 2 Reviews, M53H+4JH |  N106
আমাদের রেস্তোরা, 3.0 stars 1 Reviews, J5XM+MCX
Bamboo Chicken Restaurant, 4.0 stars 1 Reviews, J5R6+3WR
BISMILLAH JUCE GHOR, 3.3 stars 6 Reviews, M577+MVV |  Technical Road
আল্লাহর দান ভাতঘর, 3.0 stars 1 Reviews, M53H+9G9
Purnolota Ranna Ghor, 5.0 stars 5 Reviews, J5P9+FX
Arjho Store, 3.7 stars 9 Reviews, M53H+8JJ Salak Complex |  Banarupa Road
