Casuarina, 4.2 stars 441 Reviews, Medical |  At Shahid Ziyaur Rahma Medical College |  Hotel Naz Garden |  Bogra City Bypass
Midas Restaurant - 2, 3.9 stars 774 Reviews, 2nd Floor |  Near At Kalibari More |  Shahid Abdul Jabbar Road
Moyna Hotel and Restaurant, 3.8 stars 533 Reviews, V92F+8HQ |  Near At Bogura Central Boro Jame Mosjid  |  Chadni Bazar Road
The BreakRoom Bogura, 4.2 stars 353 Reviews, 2nd floor |  Kofil Uddin Plaza |  Shahid Abdul Jabbar Road
Kutum Bari Hotel & Restaurant, 4.3 stars 39 Reviews, Near At Tinmatha Bus Terminal |  Highway |  Tinmatha Railgate Old Bogra Tinmatha
Lake Bistro, 3.9 stars 43 Reviews, Medical |  Hotel Naz Garden |  At Shahid Ziyaur Rahma Medical College |  Bogra City Bypass
The Master Chef Restaurant Bogura, 4.2 stars 17 Reviews, 1st Floor |  Near At Bogura Central Boro Jame Mosjid |  কাজী নজরুল ইসলাম সড়ক |  Chadni Bazaar Road
Shyamoly Hotel and Restaurant, 4.1 stars 1 | 199 Reviews, 139 Shahid Abdul Jabbar Road
Little Garden Cafe & Restaurant, 4.2 stars 133 Reviews, 640 Reazaul Baki road | JALESWARITOLA |  Behind Kali Mondir
Shawarma House | Bogura শর্মা হাউজ |  বগুড়া, 4.2 stars 478 Reviews, KFC ZY |  Ghazi Plaza |  Shahid Abdul Jabbar Road
KFC |  Bogura, 4.2 stars 517 Reviews, 5800 Shahid Abdul Jabbar Road
Yum Yum Tree Buffet & Restaurant |  Bogura, 4.3 stars 148 Reviews, V83X+4M6 |  Bogra City Bypass
Puraton Rahmania Hotel and Restaurant, 4.1 stars 121 Reviews, Opposite Yakubia School |  Shahid Abdul Jabbar Road
Cafe Bar-B-Q Bogura, 4.1 stars 808 Reviews, Sadat Ali Akhondo Ln
Cafe' 07, 3.8 stars 470 Reviews, R9XG+PFH |  Jahurul Plaza |  Infront of Sarad Traffic & Police Fari |  Nawabbari Rd
Sky View, 3.9 stars 234 Reviews, A.R. Tower |  1st Floor |  Shahid Abdul Jabbar Road
Jive Jol, 3.9 stars 530 Reviews, R9VF+H82 |  Nishad tower |  Mofiz paglar Mor |  Sherpur Rd
Rochas Restaurant, 4.0 stars 406 Reviews, Romena Afaz Road
Helium, 4.1 stars 882 Reviews, V952+C86 Charmatha |  Near At Charmatha Bus Terminal |  Dhaka - Rangpur Hwy
Bogura Hotel & Restaurant, 1.5 stars 2 Reviews, V952+C86 Charmatha |  Near At Charmatha Bus Terminal |  Dhaka - Rangpur Hwy
Bogura Hotel & Restaurant, 1.5 stars 2 Reviews, R9WF+QXJ
George Ship Cafe Garden Restaurant, 4.0 stars 61 Reviews, Near At Baitul Satanibari Jame Mosjid |  R9VF+VVV |  শহীদ আব্দুল জব্বার সড়ক
Shokh Signature Cafe, 4.0 stars 375 Reviews, R9VF+X5V |  Sherpur Rd
Adda, 3.9 stars 262 Reviews, R9WG+5C9 |  Near At Bata Showroom |  Romena Afaz Road
Mfoods, 3.8 stars 420 Reviews, Kazi Nazrul Islam Road |  Near Sadar Thana
Akboria Heart Land Cafe, 4.1 stars 224 Reviews, Arulia |  Airport gate |  Naogaon highway
Bogura Food Garden, 4.5 stars 27 Reviews, 2nd Floor |  NK Tower Ray Bahadur Road |  Near At Kalibari More |  Romena Afaz Road
Food Fantasy, 3.8 stars 261 Reviews, Aziz Mansion |  Kazi Nazrul Islam Rd
Quality Sweets & Restaurant, 4.1 stars 988 Reviews, বগুড়া - রংপুর মহাসড়ক
ZahMon Cafe & Restaurant, 4.1 stars 231 Reviews, Shop No.3 |  6th Floor |  Runner Plaza Near Bogra Government Girl's High School |  Nawabbari Rd
ব্ল্যাক পিপার রেষ্টুরেন্ট, 4.1 stars 37 Reviews, Shop No.19 | 20 | 21 |  6th Floor |  Level 7 | Runner Plaza Near Bogra Government Girl's High School |  Nawabbari Rd
Red Chillies Restaurant & Guest House, 4.0 stars 951 Reviews, V97C+HQ4 Vandari City One |  Near By Cotton Mill Area |  Mohila College Road
Food Zone, 4.2 stars 10 Reviews, R9XG+688 |  Runner plaza
Ten 11 Chinese Restaurant & Cafe, 3.7 stars 113 Reviews, Nur Masjid Ln
Foodland, 2.9 stars 15 Reviews, Shop :52-53 |  6th Floor |  Runner Plaza Infront of Sarad Traffic & Police Fari |  Nawabbari Rd
Pizza Factory |  Bogura, 4.4 stars 204 Reviews, 6th Floor |  Runner Plaza |  Near Bogra Government Girl's High School |  Nawabbari Rd
Midas Restaurant- 4, 3.6 stars 14 Reviews, R9VG+RJX |  Rezaul Baki Road
Hello Akboria, 2.7 stars 7 Reviews, Ray Bahadur Road
BBQ Pizza Hut, 4.2 stars 182 Reviews, R9W6+G95
Suma's Kitchen, 3.6 stars 168 Reviews, Rai |  Ray Bahadur Road
Spark Restaurant, 3.8 stars 34 Reviews, R9V3+HM3
KhaSab Cafe & Restaurant, 4.3 stars 15 Reviews, Rahmania City |  Shahid Abdul Jabbar Road
Cheap Restaurant, 4.0 stars 46 Reviews, Chokjadu Road
Real Taste Restaurant, 4.1 stars 81 Reviews, 480/1 Carmichael Road
my Islamic waz, 3.8 stars 540 Reviews, 1st Floor |  Nitu Villa |  Near Kalibari More Romena Afaz Sarak Jaleshwaritola
Selim Hotel & Restaurant, 4.0 stars 251 Reviews, Advocate Rezaul Baki Road jalesharitola Bogura Bogura Sodor
The Terrace, 5.0 stars 2 Reviews, R9Q9+899
Shaad Cafe & Restaurant, 3.8 stars 26 Reviews, Near At Baitul Satanibari Jame Mosjid |  R9VF+X8F |  শহীদ আব্দুল জব্বার সড়ক
Motka Biryani Bogura, 4.1 stars 36 Reviews, MS Club Road
FAT BELLY Restaurant, 3.9 stars 446 Reviews, MS Club Road
Akboria Misty Mela Chinese, 4.3 stars 81 Reviews, 139 Shahid Abdul Jabbar Road
Slicer, 3.8 stars 58 Reviews, পৌরসভা লেন |  Sadat Ali Akhondo Ln
Maa Cafe (Khabar Bari), 4.3 stars 123 Reviews, R9W8+3JF |  Near Bogra Otijom Care Center |  Abdul Bari Road
LOKMA, 4.1 stars 114 Reviews, V943+CQ
KALAKRITH Restaurant, 3.0 stars 1 Reviews, 3rd Floor |  Shyamoly Plaza |  Kazi Nazrul Islam Rd
আতোয়ার হোটেল, 4.1 stars 4 | 127 Reviews, Modhuban Road Bogura |  Bangladesh
Akboria Grand Hotel, 4.3 stars 34 Reviews, R9VG+V46 |  Shahid Abdul Jabbar Road
কালাম চাপ ঘর, 4.3 stars 76 Reviews, R9W7+RQR Paul Para Mondir |  Carmicheal Road |  Near At
Tanoor, 4.8 stars 5 Reviews, Infront of Government Mustafabia Alia Madrashap | Uposhohor Road |  Tetultola Rd
Maa Cafe, 4.0 stars 26 Reviews, Moyez Mia Bagan Bari |  5800 Sherpur Rd
Helvetia Restaurant, 4.1 stars 193 Reviews, 1st Floor |  TMSS Mohila Market |  In front of Sarad Traffic & Police Fari |  Nawabbari Rd
Bismillah Hotel & Restaurant, 4.1 stars 133 Reviews, 293 Romena Afaz Road
Dream Food Industry, 4.5 stars 2 Reviews, R9QF+PMG |  Opposite Ebne Sina |  Sherpur Rd
Teea Inn Garden, 4.1 stars 18 Reviews, Shop :4 |  6th Floor |  Runner Plaza Near At Bogra Government Girl's High School |  Nawabbari Rd
বি সি এল ফুড কর্ণার, 4.1 stars 17 Reviews, Mozaffor Bhabon |  Rangpur Rd
EatOut Bogura, 4.3 stars 3 Reviews, R9VC+PQC
Hotel Vat-Vorta, 4.6 stars 415 Reviews, V92G+RXH
Chill Cafe, 4.0 stars 98 Reviews, Bangladesh Institute of Information Technology |  Near |  Sherpur Rd
Kacchi Bhai - Bogura, 3.0 stars 4 Reviews, R9WG+C89 |  Romena Afaz Road
Pizza Curry, 3.8 stars 4 Reviews, Hakirmore |  Gaziul Hoq Rd
Bogura Coffe World, 5.0 stars 1 Reviews, R9XC+8WR |  Near At Agrani Bank Limited |  BRTC Market Road |  Satmatha
Bogura Mistanna, 4.2 stars 18 Reviews, College Rd
Cozy Cafe, 3.9 stars 63 Reviews, 1st Floor |  Jahurul Plaza |  Nawabbari Rd
Sholokola Hotel & Restaurent  | Bogura, 4.7 stars 11 Reviews, 1st floor |  Nitu villa |  Romena Afaz Road
YUMMY FOOD, 2.0 stars 2 Reviews, R9W7+RJJ Kailar Bazar
Saikot Hotel & Restaurant, 3.9 stars 256 Reviews, 293 Romena Afaz Road
SFC Cafe & Restaurant, 4.0 stars 154 Reviews, Ray Bahadur Road |  Yusuf Kazi Lane
7 Days Restaurant, 5.0 stars 3 Reviews, Rezaul Baki Road
The Grand Kacchi, 3.7 stars 52 Reviews, R9XF+G43 |  Kazi Nazrul Islam Rd
Hungry Hulk Restaurent, 4.0 stars 88 Reviews, Baitul Rahman Central Masjid |  Shapla Market Near At |  Railway Station Rd
Kacchi House Bogura, 4.0 stars 5 Reviews, 6th floor |  runner plaza |  Nawabbari Rd
Feel Hungry?, 3.8 stars 75 Reviews, R9XC+8RF
HATER KACHEY(হাতের কাছেই), 3.0 stars 28 Reviews, V83X+3JF |  Mostak Market |  Near Mayhayra Pump |  Bhober Bazar  |  Dhaka Rangpur Highway Road |  Bogra City Bypass
Standard restaurant, 5.0 stars 1 Reviews, Rezaul Baki Road
Arif Hotel & Restaurant, 4.3 stars 30 Reviews, Bogra District Prison |  Near Jail khana |  Kara Road |  Jail Road
Shompa's Dine, 4.1 stars 169 Reviews, shop-1 |  Habib Mansion |  Kazi Nazrul Islam Road |  Satmatha
Al Jaelani Restaurant, 4.5 stars 4 Reviews, R9XF+65P
Adi Rahmania Hotel & Restaurant, 5.0 stars 1 Reviews, Khan Plaza |  Besides of Albeli furtinute |  Shahid Abdul jabbar Road |  Bogura |  Opposite Yakubia School |  Shahid Abdul Jabbar Road |  Bogura 5800
The Pizza Dine, 3.5 stars 6 Reviews, Black White |  Kalipodo super market
Bogura Jail Canteen, 3.8 stars 62 Reviews, V92F+25J |  Kazi Nazrul Islam Rd
Akboria Spice Affair, 5.0 stars 2 Reviews, 6th Floor |  Runner Plaza Near At Bogra Government Girl's High School |  Nawabbari Rd
পরম করুণাময় আল্লাহর নামে Yummy Food, 3.8 stars 10 Reviews, R9XG+MF9 |  Nobab Bari
Sampan Restaurant Bogra, 5.0 stars 1 Reviews, R8RW+QMQ
Black White food and coffee shop, 3.8 stars 127 Reviews, 5800 Galapatti Rd
Akboria Kacchi Khacchi, 3.0 stars 1 Reviews, R9XG+P39 |  Jahurul Plaza |  Infront of Sarad Traffic & Police Fari |  Nawabbari Rd
Sub Club, 3.9 stars 75 Reviews, Romena Afaz Road
TMSS Convention Hall, 4.5 stars 4 Reviews, R9WG+H7X |  Romena Afaz Road
তিন বোন হোটেল, 3.0 stars 1 Reviews, R9WG+FFR
আপেলের রুটির দোকান, 3.9 stars 14 Reviews, R9X7+3WM
Ping Peck Restaurant, 4.0 stars 1 Reviews, R9WC+QR6 |  Jannat Tower(Ground floor |  Park Rd
Haven Of Heritage Cafe, 4.0 stars 4 Reviews, R9P7+J5
Pizz & Burg, 3.7 stars 11 Reviews, R9W6+93Q |  Near Kamargari Rail Gate |  College Rd
Adda Khana, 4.0 stars 1 Reviews, Near Taposhi Rabeya School Ln
Cafe Bogura Burger Zone, 5.0 stars 1 Reviews, R9H3+CM4 |  Medical Bus Stop |  Bogra City Bypass
Haji Biriyani House, 4.3 stars 4 Reviews, R9VF+XX5
খাবারের দোকান, 4.0 stars 18 Reviews, V92F+Q95 |  Raja Bazar Rd
Fuchka shop in bogura, 5.0 stars 4 Reviews, R9RG+RC3 |  Ray Bahadur Road
Tastybuds Cafe & Restaurant, 4.0 stars 26 Reviews, Sheikh Plaza |  Sherpur Rd
মোল্লা হোটেল, 4.2 stars 12 Reviews, R9W6+QPV
Bismillah hotel and restaurant, 3.5 stars 6 Reviews, Shaheed Abdul |  Shahid Abdul Jabbar Road
Shokh Annex Fine Dine, 5.0 stars 2 Reviews, 640 Rezaul Baki Road
