Restaurant Name,Rating,Address
Sai Cuisine, 3.9 stars 15 Reviews, Ujani para |  5no. Word (Nearby Family Planning officia)
Kalapata Resturant, 3.8 stars 335 Reviews, Bus Station Main Road
Hill View Restaurant, 3.9 stars 189 Reviews, Main station road
Cup of Joy, 4.1 stars 176 Reviews, Sadar Rd
শৈলপ্রান্ত হোটেল এন্ড রেস্টুরেন্ট, 3.8 stars 53 Reviews, 56V9+2Q6
রুপসী বাংলা, 3.5 stars 11 Reviews, 56V8+44X
FeedBag Restaurant - Bandarban, 4.7 stars 174 Reviews, cantonment public school and college
Hill's Dine, 3.4 stars 68 Reviews, Opposite of bandarban University market |  bandarban Pourashova
Feast Restaurant, 4.0 stars 104 Reviews, 56R7+5X5 |  Islampur Rd
Kazi's Dine & Kabab Factory, 4.3 stars 3 Reviews, 6638+XJ8 |  Road
Food Court (Restaurant), 3.7 stars 24 Reviews, 22.190784152706716 |  92.21650788090156 |  Wapda Bridge |  Near Al-Faruq Institute
কাজল মুন্ডি হাউস, 3.7 stars 133 Reviews, Bazar
Tohzah Restaurant, 3.9 stars 16 Reviews, 56XC+QJ3
FOOD HUNTER, 3.7 stars 724 Reviews, 56XC+378 Bandarban Government Girls' High School |  KSI Rd
Food Place, 3.0 stars 2 Reviews, 56X9+HWR FOOD PLACE
তাজিংডং রেস্তোরাঁ, 4.5 stars 47 Reviews, Bas stand
নীল দিগন্ত রেস্টুরেন্ট, 3.9 stars 16 Reviews, 56W9+F4P
Lablu's Kitchen with Lawbiot, 4.7 stars 3 Reviews, Sadar Rd
Govinda's Restaurant, 4.2 stars 125 Reviews, 56XF+M4F
Daruchini restaurant, 3.5 stars 2 Reviews, 56V9+QWP
বংডঃ ফাস্ট ফুড |  মুন্ডি এন্ড কাবাব হাউস, 3.8 stars 11 Reviews, 56R9+2F5 |  Banorupa Para Rd
Q-Bistro, 3.0 stars 4 Reviews, 56W9+P2G
zovi restaurant, 3.7 stars 6 Reviews, 56XC+Q7G
New Poushe Restaurant, 3.9 stars 32 Reviews, Bazer |  3 No. Goli Rd
Lobiot Restaurant, 3.8 stars 212 Reviews, 56XC+PHF
Hill's Kitchen, 4.1 stars 14 Reviews, 56XC+378 Bandarban Government Girls' High School |  KSI Rd
Hotel A Amirabad, 5.0 stars 2 Reviews, 56VF+H9P |  Collage Rd
New Bomangthang Restaurant, 4.3 stars 8 Reviews, Ujani Para
FOOD HUNTER, 4.0 stars 2 Reviews, 663C+JXG |  Road
পিপাসা হোটেল এন্ড রেস্টুরেন্ট, 3.7 stars 3 Reviews, 56W9+W62 |  Caowl Bazar Rd
Ujani Restaurant, 3.7 stars 187 Reviews, 56WC+W27
Boni da hill resort, 4.0 stars 186 Reviews, 56XC+PQW
New Bandarban Hotel & Biriyani House, 2.0 stars 1 Reviews, 56R9+2F2
Choruivati Restaurant, 3.6 stars 202 Reviews, 56W9+P3G |  Kacha Bajar Rd
Re Khyaing, 3.3 stars 12 Reviews, 56W9+W55 |  Caowl Bazar Rd
জলপাই রেষ্টুরেন্ট, 4.0 stars 1 Reviews, 56X6+HX2
Hotel Zaman Biriyani House & Restaurant, 5.0 stars 3 Reviews, 56R8+WVJ
Hotel Super Star Biriyani House & Restaurant, 5.0 stars 1 Reviews, 56Q9+XGX
Officers Mess 69 Brigade, 5.0 stars 2 Reviews, 56X9+3XH
শুভ সকাল চটপটি হাউস, 4.0 stars 17 Reviews, Holding: R/49B Mosjid Rd
Khadok/খাদক, 3.4 stars 77 Reviews, 56XC+QFF |  Unnamed Road
Pick n Go, 3.6 stars 8 Reviews, 56V9+CFH রেইছা বাজার | শহিদ মিনার সংলগ্ন।পি টি আই
Kazifarms Kitchen, 4.0 stars 2 Reviews, 56XF+JG2
JUMMO RESTAURANT, 4.0 stars 1 | 716 Reviews, 56Q7+6MC Bus Station
বন্দু মিলন রেস্টুরেন্ট এন্ড বিরায়ানি হাউস, 4.5 stars 2 Reviews, 6656+7R3 |  Cantonment Rd
B M T House, 4.6 stars 13 Reviews, 56XC+QM4
Al AKSA HOTEL & RESTAURANT, 2.7 stars 3 Reviews, 56X9+HMG
Bite Box, 4.4 stars 5 Reviews, 56V9+CFH |  bagmara. bajar
Hotel Hill View, 4.3 stars 4 Reviews, 56WC+493 কেয়াং এর মোড় |  পৌরসভা
পিরিতি রেস্টুরেন্ট, 3.5 stars 2 Reviews, 56Q7+7P7
Ching Restaurant(Mundi Shop), 2.3 stars 3 Reviews, 56W9+JG3
Prantika. Hotel, 3.7 stars 16 Reviews, 56V9+CFH উপজেলা মডেল মসজিদ
বি. আদর্শ ভাতঘর, 4.0 stars 2 Reviews, 56XC+9CJ
Hotel Gausia And Restaurant, 3.0 stars 1 Reviews, 56V7+6HV
Modern Food Center, 4.0 stars 2 Reviews, 56Q6+8R
নিউ ভাই ভাই হোটেল এন্ড রেস্টুরেন্ট, 5.0 stars 1 Reviews, 56XC+P77
Music Cafe, 4.5 stars 2 Reviews, 56W9+JG3
গরিবিয়া হোটেল এন্ড রেস্টুরেন্ট, 3.9 stars 57 Reviews, Khan Plaza Market |  Bandarban Cantonment Public School |  Road
Bamboo Chicken Restaurant, 5.0 stars 2 Reviews, 56V9+CFH
Kajol Moondi, 4.3 stars 3 Reviews, 56W9+3PQ
জাফরান রেস্তোরাঁ, 4.5 stars 4 Reviews, 6674+FCG
Khing's Kitchen, 3.0 stars 1 Reviews, 56W7+VX7 |  R161
হোটেল গার্ডেন সিটি রেস্টুরেন্ট (Hotel Garden City Restaurant), 5.0 stars 2 Reviews, N108 |  Meghla cafe |  N108
Samiya Cooling Corner, 3.5 stars 4 Reviews, 662C+35J
BISB, 3.9 stars 78 Reviews, Bandarban Bazar Jame Masjid |  Central Masjid Road
Nilambori Canteen, 5.0 stars 1 Reviews, ট্রাফিক মোড়
Meghla Cafe | Bandarban, 4.0 stars 2 Reviews, 56W8+JRX
পোয়েদাং restaurant, 4.3 stars 3 Reviews, 56W9+HV8 |  Mosjid Rd
Zafran Restaurant, 4.8 stars 11 Reviews, 56XC+CHQ |  Unnamed Road
SIZZLE, 5.0 stars 3 Reviews, 56XC+GM7
Molla Hotel, 2.3 stars 3 Reviews, 56V9+PPJ |  Bandarban sadr Bandarban sadr Bandarban sadr Bandarban sadr
media vat ghor, 4.5 stars 2 Reviews, Aprumong karbari market
Jojo' mundi and kabab, 3.7 stars 3 Reviews, 56W9+P2Q |  Kacha Bajar Rd
Casino, 4.5 stars 4 Reviews, 6676+X7C
Kong Rong Mundi Restaurent, 5.0 stars 2 Reviews, 65FX+96H |  Road
zam zam hotel resturant and birani how's, 3.0 stars 1 Reviews, 56R9+2F5 |  Banorupa Para Rd
Hebaang Restaurant (হেবাং রেষ্টুরেন্ট), 5.0 stars 1 Reviews, 56W9+HG9 |  Mosjid Rd
হিলপার্ক রেস্তোরাঁ এন্ড বিরাণী হাউস, 3.9 stars 17 Reviews, 56W9+P2G |  Road
Kya Kya Restaurant, 5.0 stars 2 Reviews, Milton Tripura Para |  East Kalaghata Rd
Cafe Face to Face, 4.1 stars 33 Reviews, 56X9+HPG
Al Aqsa returent, 5.0 stars 1 Reviews, 56XF+P4Q
Bonoful resturand and co., 2.7 stars 3 Reviews, 56V9+CFH |  Maddhyam Para
হোটেল আল মদিনা, 4.9 stars 8 Reviews, 56XC+MRM
Diversity Restaurant, 5.0 stars 1 Reviews, 56XC+HCM মধ্যম পাড়া
Cafeteria, 5.0 stars 1 Reviews, 56Q9+XMF
Tojah Mundi and Kabab House, 5.0 stars 1 Reviews, 55JR+M4G মেঘলা |  তালুকদার পাড়
Sompriti Restaurant, 3.9 stars 79 Reviews, New gulshan Rd
Ree Song Song, 3.6 stars 8 Reviews, 56V9+CFH |  Roanchhari Bazar Road
সম্প্রতি রেস্টুরেন্ট, 3.4 stars 23 Reviews, 56V9+74Q |  Thana Rd
Garden City Restaurant, 4.3 stars 577 Reviews, 1 No Goli Road
রাজভবন রেস্টুরেন্ট এন্ড বিরিয়ানি হাউজ, 4.4 stars 5 Reviews, 56XC+QJF
Md. Main(sowkat), 1.0 stars 1 Reviews, 56XC+PJ9
Al Madina Restaurent, 4.1 stars 525 Reviews, 56R8+Q37 |  Sadar Rd
Ovi Hotel and resturent, 5.0 stars 2 Reviews, 56V9+CFH
New Banoful Bakery and Sweets, 5.0 stars 1 Reviews, Mosjid Rd
