HOT PLATE Restaurant, 3.9 stars 1 | 225 Reviews, 8200 Police Line Rd
Garden Inn Restaurant, 3.8 stars 530 Reviews, 130/C |  130 Sadar Rd
BFG Restaurant, 4.0 stars 538 Reviews, Police Line Rd
Zafran Restaurant Barishal, 4.1 stars 740 Reviews, Sadar Rd
Handi Korai, 3.9 stars 792 Reviews, Police Line Rd
The River Cafe, 3.7 stars 669 Reviews, Choumatha Lake |  C and B Rd
Lake View Restaurant, 3.9 stars 893 Reviews, P923+GCR |  Bhanga-Barisal Hwy
Muslim Sweet and Restaurant, 3.9 stars 110 Reviews, M9WC+8C5 |  Band Rd
South King Chinese Restaurant, 3.7 stars 356 Reviews, Bogra Rd
Food Club Barisal, 3.8 stars 187 Reviews, C & B Road |  1178 Choumatha
Tawa Restaurant & Bakery, 4.0 stars 1 | 351 Reviews, N Hossain Complex |  1st Floor |  416 Police Line Rd
Silver Spoon Chinese Restaurant, 3.7 stars 220 Reviews, Major M A Jalil Rd
Food King, 3.9 stars 1 | 093 Reviews, Bus Stand
HumaHum Restaurant, 4.0 stars 539 Reviews, 835 C and B Rd
Barishal King Restaurant, 4.1 stars 262 Reviews, P928+R36 |  Gora Chand Das Rd
Cafe Star, 3.9 stars 1 | 246 Reviews, Major M A Jalil Rd
Big Chef, 4.0 stars 253 Reviews, P926+F5G |  Major M A Jalil Rd
Hungry Bird, 4.2 stars 90 Reviews, P967+229 |  Bogra Rd
Nazem's, 4.1 stars 1 | 000 Reviews, 210 |  arafat house |  Kali Bari Rd
Barishal Gate The Restaurant, 3.6 stars 84 Reviews, P924+FV9 |  M.A Jolil Sarok.Korim kuti
Shawarma House Restaurant, 3.7 stars 522 Reviews, 107 | Notullabad |  Shahid Zia Sharak
Dream kitchen Barisal, 5.0 stars 2 Reviews, Bells Park |  Band Rd
Foodee Xpress, 3.8 stars 551 Reviews, Sadar Rd
5S Garden Restora, 4.0 stars 73 Reviews, C and B Rd
Kosturi Restora, 3.7 stars 77 Reviews, P923+GGQ |  Major M A Jalil Rd
Changpai Chinese Restaurant, 3.7 stars 93 Reviews, DN Tower
Lobster Restaurant & Convention Hall, 4.1 stars 53 Reviews, P966+M5X |  BM College Rd
Sultani Dine, 3.8 stars 115 Reviews, 572 Gora Chand Das Rd
Mister Cheese Restaurant, 3.6 stars 220 Reviews, P965+VR7 |  BM College Rd
Govinda's Restaurant, 4.5 stars 88 Reviews, P8CQ+W8H |  barisal nathullabad busterminal
Allhardan Restaurant, 4.2 stars 204 Reviews, Bogra Rd
Spice & More, 4.2 stars 260 Reviews, Barisal River Port Terminal Building |  Band Rd
Voj Bari Restaurant & Biriyani House, 3.2 stars 18 Reviews, Mitali Bhaban |  121 Nobogram Rd
Arabella Barishal, 4.1 stars 89 Reviews, Police Line Rd
The South Cafe, 4.0 stars 186 Reviews, SP Market |  Police Line Rd
Cinnamon, 4.1 stars 250 Reviews, Gora Chand Das Rd
Cafe Movida, 3.9 stars 46 Reviews, BOTTOLA Major M A Jalil Rd
Pizza Company, 4.3 stars 257 Reviews, Notunbazar |  BM College Rd
Gharoa Restaurant & Sweets, 4.0 stars 651 Reviews, P95F+FF4 |  বাজার রোড
Balaka Puri & Chop, 3.9 stars 8 Reviews, P93F+MF7 |  Chowk Bazar Rd
Hotel Ghorowa & Restaurant, 3.0 stars 2 Reviews, P932+PXR |  Bhanga-Barisal Hwy
অতঃপর Healthy Food, 4.2 stars 182 Reviews, P947+345 |  Bogra Rd
বগুড়ার দই & মিষ্টান্ন, 4.0 stars 191 Reviews, P93F+7HC |  Katpotti Rd
Honest Restaurant, 4.0 stars 1 Reviews, Bhanga-Barisal Hwy
Akash Hotel And Restaurant, 4.0 stars 25 Reviews, 144 Hospital Rd
Lunch box, 3.5 stars 13 Reviews, P938+658 |  Unnamed Road
বোসের হোটেল এন্ড রেস্টুরেন্ট, 4.0 stars 3 Reviews, 18/21 Cwakbazar
মেজবান হোটেল এন্ড রেস্তোরাঁ, 5.0 stars 4 Reviews, P994+R6V |  Shadhur Bat Tola |  Barisal
Hungry Time-2, 4.3 stars 7 Reviews, P927+G27
M Ali Restaurant, 3.7 stars 204 Reviews, BM College Rd
CHAD MIA AR HOTEL., 4.2 stars 5 Reviews, P923+F4M
FOOD CAPITAL, 3.9 stars 87 Reviews, M9J2+QM3
বার্গার হাউস, 4.7 stars 88 Reviews, 178 Katpotti Rd
Haji Biriyani, 3.8 stars 180 Reviews, Major M A Jalil Rd
Sugary Pastry and Dine Bistro, 5.0 stars 4 Reviews, P926+F4H |  Major M A Jalil Rd
Te Amo, 4.5 stars 15 Reviews, Mira Barir Pool |  C and B Rd
RJ Thai & Chinese Restaurant, 3.6 stars 194 Reviews, C and B Rd |  Near Natullahbad Bus Stand
Cafe Halal, 5.0 stars 1 Reviews, P87X+M2X নথুল্লাবাদ কেন্দ্রীয় বাস টার্মিনাল
The Ladle Restaurant, 3.2 stars 6 Reviews, P86X+XVH |  C and B Rd
মাটির উনুন, 3.7 stars 7 Reviews, 8200 BM College Rd
Bangali Hotel And Restura, 3.8 stars 119 Reviews, P87X+JMJ
মেজবান হোটেল ও রেস্টুরেন্ট, 4.0 stars 1 Reviews, chowdhury cottage |  Holding # 229 |  Amtola Mor |  Ward # 12
রাইসা হোটেল এন্ড রেস্টুরেন্ট, 3.8 stars 47 Reviews, P924+GVM |  Major M A Jalil Rd
Allahr Dan Hotel & Sweetmeat, 4.5 stars 10 Reviews, Opposite Side Of Amtola Water Tank |  BCC
কাচ্চি মামা, 3.8 stars 9 Reviews, P9C6+9GV
কাচ্চি খানা, 4.0 stars 25 Reviews, Public Square |  Bibir Pukur Rd
Ridd & Riyad Restaurant, 3.9 stars 9 Reviews, M9RC+WGG
Black Queen Restaurant, 5.0 stars 1 Reviews, P925+XV3
খাবার ঘর হোটেল এন্ড রেস্তরা, 4.4 stars 5 Reviews, 30 Godown Rd
EL FOODEE, 4.5 stars 2 Reviews, P983+3X5
Tetul Tola Hotel and Tong Ghar, 3.7 stars 7 Reviews, P973+JQ4 modhu miar pool |  BM College Rd
Ready Food, 4.9 stars 14 Reviews, M9V5+P8C
হাওলাদার হোটেল এন্ড রেস্তোরাঁ, 3.9 stars 82 Reviews, P88X+2HF |  নথুল্লা বাসস্টান্ড
মুসকান হোটেল এন্ড রেস্টুরেন্ট ২, 3.6 stars 14 Reviews, Major M A Jalil Rd
Food hackers, 3.6 stars 33 Reviews, 444 K.B. Hemayet Uddin Rd
স্বপ্ন বিলাস বিরানী ঘর, 5.0 stars 1 Reviews, P927+MWW
বৈশাখী বিরিয়ানি হাউজ, 5.0 stars 2 Reviews, P87X+MQ8
Tavuk, 3.9 stars 659 Reviews, P87X+5CQ
নিউ ঘরোয়া রেস্টুরেন্ট, 4.5 stars 4 Reviews, M9R5+7QJ
Muslim Sweets and Bakery 2nd Branch, 4.7 stars 3 Reviews, P923+C94 |  C and B Rd
Nil Akash Restaurant, 4.1 stars 36 Reviews, M8HW+GPJ
বাহারি ভোজ, 3.4 stars 78 Reviews, M9W9+M36 |  Police Line Rd
Bojlur Khabar Hotel, 5.0 stars 1 Reviews, M9X7+RQQ |  Amir Kutir Rd
Shop, 4.3 stars 7 Reviews, পূর্ব পা |  Bijoy Bihango |  আমতলা পানির ট্যাংক
খাবার বাড়ি রেস্তোরাঁ অ্যান্ড সুইটমিট (Khabar Bari Restaurant and Sweetmeats), 3.6 stars 114 Reviews, P93C+CVM |  K.B. Hemayet Uddin Rd
Rustic Barishal, 3.8 stars 6 Reviews, Lutfur Rahman Sarak
B B Q 2 Night Roof Top Restaurant, 4.6 stars 10 Reviews, P942+XP8
চুইঝাল রেস্টুরেন্ট এন্ড কাবাব ঘর, 5.0 stars 1 Reviews, P983+5VR
Kacchi Dine - Barishal কাচ্চি ডাইন - বরিশাল, 2.3 stars 3 Reviews, C&B Bridge-2 |  Rd |  Dhaka - Barishal Hwy
Jahangir Tea Store, 5.0 stars 1 Reviews, M9R6+RG6 |  Bangla Bazar Rd
Kabir Nasta Ghor, 4.1 stars 9 Reviews, Police Line Rd
