Nazma Hotel and Restaurant, 4.2 stars 1 | 222 Reviews, Beside Jess Tower |  M.K. Road. |  Jessore-Jenaidah Highway
Cafe Mariot, 4.1 stars 2 | 072 Reviews, 14 Rail Rd
Addakhana, 4.1 stars 1 | 016 Reviews, 40 Mujib Sorok
চিলি স্পাইসি, 3.8 stars 197 Reviews, Airport Rd
Joyoti Hotel and Restaurant, 4.0 stars 759 Reviews, 22 C |  Mujib Sarak |  Jessore - Benapole Highway
Take Off Restaurant, 3.9 stars 452 Reviews, Airport Rd
Dawat Restaurant, 4.1 stars 137 Reviews, 47Q2+H47 |  Jessore - Khulna Hwy
Cityplaza Roof Top Restaurant, 3.8 stars 160 Reviews, 5687+C2G |  Gohata Road | 
Tawaz, 4.2 stars 125 Reviews, 14 Rail Rd
Park Fantasy, 4.5 stars 67 Reviews, Pouro Park Road
Jess Tower Sky Roof Restaurant, 3.9 stars 180 Reviews, M K Rd
Theatre Cafe, 3.9 stars 604 Reviews, R S Bhobon |  Jail Rd
Haji Nanna Biryni House |  Jessore. হাজী নান্না বিরিয়ানি হাউজ |  যশোর।, 4.0 stars 935 Reviews, R N S Tower |  Magura - Jashore Hwy
Cafe Nur hotel and Restaurant, 4.0 stars 165 Reviews, 11 RN Rd
Cafe yummy delight, 4.7 stars 10 Reviews, 5677+HM9 |  Bejpara Main Rd
Jessore Spice, 3.9 stars 657 Reviews, 568J+8P8 |  Chander mor |  jhum jhum pur
The Chillux দ্যা চিলাক্স, 4.0 stars 152 Reviews, 09 | Haji Mohammad Mohsin road |  7400 Daratana Bridge
Food Valley Restaurant, 3.7 stars 75 Reviews, 15 Kashoblal Rd
Grand Darbar Jashore |  Restaurant & Party Center, 3.8 stars 122 Reviews, 33 |  1 Rail Rd
Tasty Village, 4.1 stars 53 Reviews, 56C2+9JR
সাহেব বাবুর বৈঠক খানা, 4.0 stars 23 Reviews, 7 BK Rd
Jessore Hindu Vegetarian Restaurant যশোর মহাপ্রসাদালয়(একমাত্র অন্নপ্রসাদের প্রতিষ্ঠান যা বিশুদ্ধ বৈষ্ণব দ্বারা পরিচালিত), 4.0 stars 282 Reviews, Bejpara Main Rd
4Q Restaurant, 4.2 stars 99 Reviews, 5666+2M6
Cafe Divine Jashore, 4.2 stars 1 | 173 Reviews, 5676+HG7 |  Mike potti
Cafe de Light, 4.0 stars 1 Reviews, 1st floor |  City Plaza
জুনাঈদ হোটেল এন্ড রেষ্টুরেন্ট, 4.7 stars 10 Reviews, লাল দিঘীর পাড় |  এম কে রোড
ক্যাফে ভৈরব হোটেল অ্যাণ্ড স্ন্যাক্স, 3.8 stars 742 Reviews, 46VP+RCG Mahsin School |  Jessore Khulna Rd
The Music Cafe Jashore, 4.5 stars 84 Reviews, 74 Mujib Sorok
Cafe Jazzmon, 4.0 stars 59 Reviews, 5677+634 |  Rail Rd
Rose Garden Chinese Restaurant, 3.8 stars 453 Reviews, 5687+24R
New Voirob Hotel & Restaurent, 3.9 stars 75 Reviews, Ghope Noapara Rd
রাকিব হোটেল, 3.7 stars 9 Reviews, Khulna Rd Jessore.
Green House Cafe, 3.8 stars 87 Reviews, 45MM+J9G |  Jessore - Rajgonj - Khordo Rd
Rider's Inn Jashore, 4.1 stars 48 Reviews, 55CV+GFM |  Airport Rd
Hazi Biriyani House Jessore |  Dakua Hotel, 4.4 stars 59 Reviews, যশোর - নড়াইল মহাসড়ক
Yummy Buffet Jashore, 3.5 stars 15 Reviews, 3rd floor dremz Aladdin tower |  Gari Khana Rd
ডিজিটাল হোটেল, 4.4 stars 7 Reviews, 46V8+W7F কেন্দ্রীয় বাস (আন্তঃজেলা) টার্মিনাল |  Jessore City Bypass
The Coffee World | Jashore, 4.5 stars 32 Reviews, 5686+95J |  M K Rd
Candle light cafe, 3.9 stars 38 Reviews, Zero point  |  Eidgah mor
Quick Bites Cafe, 4.2 stars 29 Reviews, 5674+J7F
Jashore Biryani House, 5.0 stars 3 Reviews, 55JR+M9C |  Palbari |  Jenaidah Hwy
কাঁশফুল রেস্টুরেন্ট KASHFUL RESTAURANT, 4.0 stars 642 Reviews, 55G6+8CM
Cafe Zotpot, 3.8 stars 818 Reviews, 30 Mujib Sorok
New Nur Hotel & Restaurant - নিউ নুর হোটেল & রেস্টুরেন্ট, 4.0 stars 130 Reviews, 7 Maulana Mohammad Ali Rd
MOLASSES Food and Nature, 4.1 stars 106 Reviews, 45VP+39
কাচ্চি বাড়ি এন্ড কেক স্পট, 3.8 stars 99 Reviews, 30 M K Rd
Orient Food Products, 4.0 stars 18 Reviews, 19 Rail Road Third Floor |  Jashore (Beside Sonali Bank Corporate Branch
Pizzaology Jashore, 4.1 stars 353 Reviews, Gari Khana Rd
পিঠাবাড়ি যশোর, 5.0 stars 4 Reviews, 5677+M3Q
ক্যাফে বিল হরিণা, 4.1 stars 151 Reviews, 556H+5F8 |  Jamtola Road
জিসানের মায়ের হোটেল, 3.1 stars 9 Reviews, 45XV+M87 |  Khola danga rd
M Bro Cafe & Restaurant, 4.8 stars 6 Reviews, 5685+MVJ |  N702
Shako de Light Cafe, 3.9 stars 20 Reviews, 55HJ+425
Cockpit cafe, 3.9 stars 43 Reviews, 566C+8XX |  Jessore - Khulna Hwy
Rajpriya Sweets & Restaurant, 4.0 stars 113 Reviews, 557V+V7H Dharmatala
Cafe Brothers, 4.1 stars 22 Reviews, 5644+22Q |  Rail Gate
Tony Hotel and Restaurant, 5.0 stars 4 Reviews, 55JR+P6J |  Palbari |  Jenaidah Hwy
MA Sweets & Hotel, 3.9 stars 135 Reviews, 12 M K Rd
Dark Haven 2, 4.3 stars 3 Reviews, Burhan Shah Rd
Luxury Dine, 2.3 stars 3 Reviews, 5679+97W
Healty Kitchen Jessore Districe, 4.0 stars 36 Reviews, 7400
আল্লারদান হোটেল এন্ড রেষ্টুরেন্ট Allahr dan Hotel & Restaurant, 3.5 stars 11 Reviews, 45VW+QX6
কাশবন হোটেল, 4.4 stars 31 Reviews, 5654+JCP |  মুজিব সড়ক
পেদা টিং টিং, 5.0 stars 2 Reviews, 5654+QGH Golpata Hotel
Golpata Hotel Jessore, 4.1 stars 29 Reviews, 5685+QVJ
JFC, 4.1 stars 479 Reviews, Hasan Hotel opposite side |  Mahi Plaza |  Mike |  Kapuria Potti
Heaven Dine, 4.5 stars 4 Reviews, balia vekutia
Hoichoi Food Zone, 5.0 stars 2 Reviews, 55RM+2H2 |  Jessore Cantonment Railway Station |  Jessore - Jenaidah Hwy
HRIDOY, 3.7 stars 3 Reviews, 47Q2+57Q
Cafe moni hotel, 4.6 stars 8 Reviews, 5686+6P4 |  M K Rd
BK City BBQ, 2.3 stars 3 Reviews, 5666+8F6 |  ভোলা ট্যাংক রোড
Pachfhron Hotel & Restaurant, 4.2 stars 43 Reviews, 5687+R8W
Food Lover, 4.7 stars 3 Reviews, 56C6+627 |  Rajur More |  Central Road |  Ghope Noapara Rd
আদি গণেশ মিষ্টান্ন ভাণ্ডার, 3.7 stars 7 Reviews, 5635+PR3 |  Rail Rd
Central Hotel and Restaurant, 4.1 stars 317 Reviews, 566C+FGF |  RN Rd
সাহেদ হোটেল, 1.0 stars 1 Reviews, 5684+VRG
গাজী হোটেল এন্ড রেস্টুরেন্ট, 4.2 stars 6 Reviews, 5684+PJ8
Salauddin Hotel, 3.8 stars 4 Reviews, 5684+FQR
Red Town Thai-Chinese Restaurant, 3.8 stars 4 Reviews, 5686+856 |  M K Rd
Waffle Treat Jessore, 4.7 stars 21 Reviews, 22c Mujib Sorok
জল খাবার (Jol Khabar), 3.0 stars 1 Reviews, 8 jame mosjid lane |  press potti
নান্না বিরানী হাউজ, 3.9 stars 390 Reviews, 8-12 M K Rd
The Golden Grill, 4.3 stars 30 Reviews, 45VR+47M |  Jessore Rd
রান্নাঘর, 1.0 stars 1 Reviews, 5685+MV2
ঢাকা আল্লাহর দান বিরিয়ানী হাউজ, 4.2 stars 31 Reviews, 5654+CCH
Jinnah hotel, 3.5 stars 2 Reviews, Chitra more |  18 M K Rd
Samad Hotel - সামাদ হোটেল, 4.3 stars 4 Reviews, Shop No : 01 |  Joya Trisha Complex |  1016 Airport Rd
ভোজন বাড়ি, 4.4 stars 5 Reviews, 5686+G33 |  M K Rd
Star Hotel & Restaurant, 4.4 stars 132 Reviews, Market |  31 Central Rd
MAWA'S CAFE, 5.0 stars 1 Reviews, 5686+J2F |  H.M |  M Road
অপেরা রেস্টুরেন্ট, 3.5 stars 8 Reviews, 5635+JQC |  Rail Station Bazaar
Cafe tulip, 4.0 stars 2 Reviews, M K Rd
CFC Central Food Corner Ghope Central Road |  Jessore., 5.0 stars 5 Reviews, New Market Bus Stand |  Magura - Jashore Hwy
Orient Food Products, 3.8 stars 10 Reviews, Nowapara Road |  Ghope Noapara Rd
দুলাল ভাই এর কাবাব & হালিম ঘর, 3.8 stars 12 Reviews, 5696+FJH
Crown cafe, 5.0 stars 1 Reviews, 55CR+FXX |  Jessore City Bypass
The Cake Stand | Jashore, 3.0 stars 2 Reviews, 7400 Shah Abdul Karim Rd
Food Mahal, 5.0 stars 1 Reviews, 80 Naldanga Rd
Khawa dawa restaurant, 3.3 stars 7 Reviews, 5687+4R4 |  Chourasta |  RN Road |  Umesh Chandra Ln
Care Hotel and Restaurant |  Arobpur |  Jessore, 4.1 stars 641 Reviews, 556W+CP
মান্নান ভাইয়ের চটপটি হাউজ, 4.2 stars 31 Reviews, 5674+J2G
