Panshi Restaurant | Moulvibazar, 4.1 stars 3 | 743 Reviews, Chowmuhana |  Court Rd
Food Palace, 4.1 stars 418 Reviews, Syed Sikander Ali Road
Central Kitchen, 4.1 stars 391 Reviews, M. Saifur Rahman Road
Bengal Highway Chinese Restaurant, 4.2 stars 441 Reviews, M. Saifur Rahman Road
Monsoon Chinese Restaurant, 3.6 stars 74 Reviews, N208
Mamar Bari Restaurant, 3.8 stars 1 | 480 Reviews, FQQ5+RGQ |  Dhaka - Moulvibazar Hwy
খানদানী রেস্টুরেন্ট, 3.5 stars 52 Reviews, 209 Western Plaza |  2nd Floor |  M Saifur Rahman Road |  Old Central Road
Western Restaurant & Party Center, 3.8 stars 64 Reviews, FQRC+6FR |  M. Saifur Rahman Road
FOOD STATION, 4.3 stars 60 Reviews, FQMH+722 |  Sakura Market |  Court Rd
Picnic Cafe and Restaurant, 4.0 stars 244 Reviews, 1st floor |  112 M. Saifur Rahman Road
Kacchi King, 4.1 stars 189 Reviews, FQPG+7HF |  Shah Mostafa Road
GFC (Green Fried Chicken) Restaurant, 3.8 stars 328 Reviews, FQQ8+5WX R.K Complex |  103 M. Saifur Rahman Road
Eat & Meet, 4.2 stars 712 Reviews, 1st Floor |  Court Moshjid Market Complex |  Court Rd
Cafe Bene, 4.2 stars 98 Reviews, Syed Sikander Ali Road
Spicy Flake Cafe & Restaurant, 4.7 stars 15 Reviews, FQQ6+WMP
Bengal Kabab House / বেঙ্গল কাবাব হাউজ, 4.1 stars 190 Reviews, 3 Court Rd
Rest Inn Restaurant, 3.3 stars 3 Reviews, FQQ6+WG8
College Cafe & Restaurant, 4.4 stars 14 Reviews, 137 M. Saifur Rahman Road
Panch Bhai Restaurant, 4.0 stars 67 Reviews, চৌমুহনা |  শমসের নগর রোড
গোবিন্দা'স রেস্টুরেন্ট ও সুইটস, 3.9 stars 69 Reviews, Kushumbag Shopping Center |  Sylhet road
Delhi Restaurant, 3.7 stars 166 Reviews, Dhaka - Moulvibazar Hwy
ঢাকা হাজী বিরিয়ানী হাউজ, 3.7 stars 147 Reviews, FQQ6+R6G Nosib Shopping Complex
শাপলা হোটেল এন্ড রেস্টুরেন্ট, 4.6 stars 12 Reviews, 137M M. Saifur Rahman Road
Kolapata Restaurant, 4.1 stars 18 Reviews, FQP8+553
কাচ্চির সম্রাট, 4.0 stars 164 Reviews, FQP8+76R
৭১রেস্টুরেন্ট, 3.9 stars 85 Reviews, Syed Mujtoba Ali Road |  Old Hospital Road
Mayer Duwa Restaurant, 4.8 stars 5 Reviews, Sylhet Road
ঢাকাইয়া বিরিয়ানি হাউজ, 3.7 stars 3 Reviews, FQQ7+RJP
Banoful & Co., 3.8 stars 102 Reviews, FQRF+782 |  M. Saifur Rahman Road
Shah mostofa biryani & party center, 4.3 stars 33 Reviews, Haque Mansion |  M. Saifur Rahman Road
আহমদ হোটেল এন্ড রেষ্টুরেন্ট, 4.4 stars 13 Reviews, 3200
Molla Hotel, 5.0 stars 5 Reviews, FQMH+82H |  Court Rd
Tradition's Cafe, 4.0 stars 52 Reviews, FQR9+356 |  M. Saifur Rahman Road
Chef's Kitchen, 4.7 stars 9 Reviews, 3rd Floor |  Adi and Ariyan Shopping Center |  Syed Sikander Ali Road
Pitha & resturent, 5.0 stars 1 Reviews, FQRF+4V7 |  N208
Bright Kitchen Curry & Kabab, 3.4 stars 7 Reviews, FQP8+45J বেরিরপার পয়েন্ট
Rannaghor Restaurant Moulvibazar, 1.0 stars 1 Reviews, FQQ6+WRH
Midtown Rooftop Cafe, 4.1 stars 287 Reviews, Old Hospital Road
স্বাদ, 3.9 stars 37 Reviews, Court Rd
বিরিয়ানি ঘর, 3.0 stars 3 Reviews, FQQG+X2M |  N208
ঢাকা হাজী বিরিয়ানি, 4.1 stars 19 Reviews, FQP9+HRP |  Shah Mostofa Rd
T-shart world, 4.8 stars 5 Reviews, FQRF+9M9 |  M. Saifur Rahman Road
Foyez Restaurant, 5.0 stars 1 Reviews, FQQ6+RJ6
মৌচাক অভিজাত মিষ্টি বিপনী, 3.7 stars 26 Reviews, FQPG+JF3
Rajmahal Sweets & Fire Food, 5.0 stars 1 Reviews, Central road Moulvibazar near mb cloth store
Ismail Restaurant &Biriani House, 4.0 stars 1 Reviews, M. Saifur Rahman Road
সায়রা রেস্টুরেন্ট এন্ড বিরিয়ানী।, 5.0 stars 1 Reviews, FQQ6+VMR |  Dhaka Sylhet Road; Moulvi Bazar Sadar PS Kusumbag point
Shaad Food, 5.0 stars 1 Reviews, FQRJ+F9J
Tiffins Indian Restaurant & Takeaway, 3.8 stars 5 Reviews, FQRC+G67
Mr Tong cafe & restaurant, 3.5 stars 19 Reviews, FQM9+PCC
Rahman Sweet Mart, 3.7 stars 18 Reviews, FQRF+CWV
Pach Vai Hotel & Restaurant, 5.0 stars 1 Reviews, FQG8+Q44
Spicy FoodWala, 5.0 stars 2 Reviews, FQPG+8HW
Cafeteria(ক্যাফেটেরিয়া), 4.7 stars 3 Reviews, FQPG+FGC |  Court Rd
ইউসুফ মোল্লা হোটেল (মৌলভীবাজার), 3.7 stars 55 Reviews, FQRF+CXR
kureghor, 3.0 stars 1 Reviews, FQM9+P95
সাগরিকা রেস্টুরেন্ট, 5.0 stars 1 Reviews, FQM8+G5Q |  Road
Zain Restaurant, 3.0 stars 1 Reviews, FQRP+F35 |  Shamsher Nagar Road
Md PARVEJ, 5.0 stars 3 Reviews, FQRF+8JH |  M. Saifur Rahman Road
Fuchka Ghor, 4.1 stars 18 Reviews, FQRF+9P7
সকাল-সন্ধা রেস্টুরেন্ট, 4.0 stars 1 Reviews, FQPG+7GH
Zarin Tea Stall, 4.4 stars 7 Reviews, FQPG+8HW
kari bazar resturant, 5.0 stars 5 Reviews, FQJH+268 |  N208
Paris Restaurant, 5.0 stars 1 Reviews, FQM8+W69
Shyamoli Restaurant, 3.7 stars 3 Reviews, Chadni Ghat Rd
ভাই ভাই বিরানি হাউস, 3.9 stars 10 Reviews, FQM9+P95 |  uprojila
Jagannath Bhojanalay & Mistanna Vandar, 5.0 stars 1 Reviews, FQQC+V8M |  Syed Sikander Ali Road
Mr.Cafe, 5.0 stars 3 Reviews, FQRH+C74
Md Sijan Islam, 3.9 stars 139 Reviews, FQQ6+VMX SR Plaza
Fuchka Park, 4.0 stars 4 Reviews, FQPG+8HW
M F C, 5.0 stars 2 Reviews, FQJH+W3W
Cafe Kakoli, 3.8 stars 4 Reviews, FQPC+M9G |  Shah Mostafa Road
Uporjela bazar, 4.0 stars 1 Reviews, FQRF+9M5 |  M. Saifur Rahman Road
নিউ কুমিল্লা হোটেল এন্ড রেস্টুরেন্ট, 4.0 stars 6 Reviews, FQQ2+C54 |  Dhaka - Moulvibazar Hwy
Dining Table, 3.0 stars 1 Reviews, FQM9+P95
Niyamot Biryani House & Restaurant, 4.0 stars 1 Reviews, FQPC+96W |  Shah Mostafa Road
Zen Tea and Fast Food, 3.3 stars 3 Reviews, FQM9+P95 |  B809
Tushar Toju, 5.0 stars 3 Reviews, FQM9+P95
Mouchak Restaurant, 3.0 stars 1 Reviews, সৈয়দ কুদরত উল্লাহ রোড
সাতকরা রেস্টুডেন্ট, 4.1 stars 129 Reviews, 137 M. Saifur Rahman Road
vai vai restaurant and biriyani house, 4.3 stars 4 Reviews, Pantho Nibas |  Soyerpur Laxmibala School Rd
নানার বাড়ি রেস্টুরেন্ট, 2.0 stars 1 Reviews, FQWH+9H5 |  Forest Office Road
Raja, 5.0 stars 1 Reviews, Julia shopping Center |  Central Road
SAJMIN'S KITCHEN, 1.0 stars 1 Reviews, FQR9+356 |  M. Saifur Rahman Road
ইউছুপ হোটেল, 4.0 stars 9 Reviews, FQQC+PXH
Mehraj Store, 5.0 stars 2 Reviews, Dhaka - Moulvibazar Hwy
New Kismat hotel and restaurant নিউ কিসমত হোটেল এন্ড রেস্টুডেন্ট, 5.0 stars 1 Reviews, 152 Shamsher Nagar Road
Food Cage cafe, 5.0 stars 1 Reviews, 628 Shamsher Nagar Road
Quick Bite MB, 4.1 stars 663 Reviews, FQJH+76W |  N208
জননী হোটেল, 4.6 stars 14 Reviews, FQRC+5MM |  M. Saifur Rahman Road
RS Kairan Chinese and Bangla Restaurant, 3.9 stars 145 Reviews, FQXF+FRR
রান্নাঘর Resturent & Party Canter, 1.0 stars 1 Reviews, Shah Mostofa Road |  Beside Shadi Mohol
Habib Store, 2.3 stars 4 Reviews, FQM9+P95
Shaad & Co |  Sreemangal Road |  Moulvibazar, 3.8 stars 142 Reviews, FQG8+G4F
Premium Hotel, 3.4 stars 7 Reviews, FQQ7+HXW
