The Kitchen, 3.9 stars 894 Reviews, Rangpur - Dinajpur Hwy
Thikana Restaurant, 4.1 stars 563 Reviews, medical more Opposite site cantonment public school & college rangpur Shah murad complex
শাওন ফুড, 4.2 stars 940 Reviews, 
Poolside Snacks And Juice, 4.3 stars 49 Reviews, Q669+5QV |  Rangpur Cantonment |  Cantonment Road
Cicily, 4.2 stars 872 Reviews, City Bazar Rd
Mithu Hotel And Restaurant, 3.9 stars 606 Reviews, Q723+HQ7 Mithu hotel goli |  sonali Bank opogit
Budget-Cafe, 3.9 stars 193 Reviews, 
Signature Cuisine, 3.8 stars 108 Reviews, Dhap In front of Circuit House Cantonment Road  |  Rangpur
Kitchen Express - Munsipara |  Rangpur, 4.1 stars 554 Reviews, 
Golden Cafe, 4.3 stars 79 Reviews, P7J3+RW5 |  College Rd
Cafe 66, 3.9 stars 361 Reviews, 
নিউ মিড নাইট সান, 3.6 stars 225 Reviews, 
Jagannath Hotel & Restaurant, 4.3 stars 193 Reviews, 2nd Floor |  Sheikh Bhaban Nearest Mithu Hotel |  Mithu Hoteler Goli Jumma Para Road |  Jummapara Rd
Flame On Sky, 3.9 stars 314 Reviews, 
বাঙালি রেস্তোরা, 4.2 stars 90 Reviews, 76 Station Road
Delicia Thai And Chinese Restaurant, 3.6 stars 159 Reviews, Check Post Mosque |  R.K. Rd
Rooftop Restaurant, 4.8 stars 12 Reviews, 
Western Cuisine Restaurant and Convention Center, 4.7 stars 790 Reviews, Near By Police Officer Mess |  Keeramottia Moszid Road
Parvez Hotel & Restaurent, 3.8 stars 155 Reviews, Monish Mila Plaza |  RK Road |  Medical Mor
Singara House, 3.9 stars 530 Reviews, Medicare More |  N517 |  In front of Cantonment Public School O College |  R.K. Rd
New Star Hotel & Restaurant, 3.8 stars 214 Reviews, Mariyom Elahee Bhaban |  N517
New Parvez Hotel & Kabab Restaurant, 3.9 stars 149 Reviews, Bari Tower |  N517 |  286 |  Shah Bari Tower |  Near At Rupali Bank Ltd. |  Station Road Jahaj Company Mor
Ahar Restaurant, 4.0 stars 467 Reviews, College Rd
কয়লা ক্যাফে, 3.9 stars 206 Reviews, 
Boishakhi Hotel & Restora |  Dhap, 3.9 stars 658 Reviews, Brothers Tower
The Grand Castle - Restaurant & Party Center, 4.1 stars 128 Reviews, Q66R+36V |  N517
Coffee House, 3.9 stars 290 Reviews, Rangpur - Dinajpur Hwy
Dhaka Fast Food's, 4.0 stars 1 | 050 Reviews, 
Mehtap Kitchen, 4.0 stars 138 Reviews, Central Point |  97/1 Central Rd
স্বাদ কানন, 3.9 stars 88 Reviews, 
Rangdhonu FastFood and Ice Cream Parlour, 4.1 stars 300 Reviews, Dhaap Road
Mejban Restaurent, 3.9 stars 1 | 408 Reviews, Rangpur College Rd
Mim Fuchka And Chotpoti Shops Of Rangpur, 3.7 stars 46 Reviews, 
Treat Me, 4.1 stars 586 Reviews, Q67M+F73 |  Infront Of Sarak Bhaban |  Rangpur - Dinajpur Hwy
Bhinnota Hotel & Restaurant, 3.8 stars 5 Reviews, Q66J+XF8
WOW Foods, 4.4 stars 5 Reviews, 5th floor |  RAMC Shopping Complex |  Rangur city Bypass
Royalty Food Adda, 3.6 stars 27 Reviews, Central Rd
Grand Sultan Hotel & Restaurant, 4.0 stars 141 Reviews, 
Kids Garden, 4.0 stars 10 Reviews, P7X3+XQ9 |  Pouro Bazar Road |  Payra Chattar
Payra Hotel, 4.1 stars 64 Reviews, P7X3+8V6 |  Jahaj Company |  Station Road
City View Restaurant, 4.5 stars 31 Reviews, Rangpur Medical College Hospital |  Adjacent To Doctors Clinic & Community |  Medical East Gate
Raju Hotel and Restaurant, 5.0 stars 3 Reviews, Q69H+WG4 |  Medical Hostel Gate |  Rangpur - Dinajpur Hwy
Bondhu Hotel & Restaurant, 4.3 stars 6 Reviews, Q68J+G4R
Rangpur Kara Canteen, 3.9 stars 20 Reviews, Rangpur Cantonment - Ghagat Bridge Rd
Musa Kitchen, 4.2 stars 17 Reviews, 
Castle Black, 4.1 stars 287 Reviews, Q67M+4VP |  Rangpur - Dinajpur Hwy
Sobuj Hotel & Restora, 5.0 stars 2 Reviews, rangpur tarmenal
Nayem Hasan, 5.0 stars 1 Reviews, 2nd Floor |  Taher Plaza |  Adjacent Shahid Minar
D & B Fast Food & Restaurant, 4.2 stars 46 Reviews, সাতমাথা
Shadhin Hotel & Restaurant, 4.8 stars 12 Reviews, Shapla Chattar
Foodport & Ice-cream parlour, 3.6 stars 199 Reviews, Q732+898 |  Near Rangpur Zila Parishod |  Muktar Sarani |  Civil Station Road |  Town Hall
Kitchenette Chef, 4.0 stars 180 Reviews, Q723+3VV |  Nipener More |  Paira Chattar
Dhaka Biriyani House, 4.0 stars 635 Reviews, 
Nipen Restaurant, 3.8 stars 33 Reviews, RDC Boys Hostel |  Gangachara Rd
One Taka Hotel, 4.2 stars 71 Reviews, City Park Market |  Near At City Corporation Rangpur |  City Bazar Road City Park Market
Red Chili Mini Chinese Restaurants, 4.0 stars 21 Reviews, Q64X+6Q7 Town Hall |  Near Rangpur Zoo |  Police Line Road
Dhaka Kacchi Bhai, 3.6 stars 12 Reviews, Q723+HC7 |  Pouro Bazar Rd
Bismillah Chotpoti O Fuska House, 5.0 stars 2 Reviews, RAMC Shopping Complex |  6th floor |  Shop no.23 Rangpur
Niaz Hotel, 4.1 stars 35 Reviews, P7HR+JF9 |  Pirgachha Road
SubBurg, 3.8 stars 11 Reviews, P6VJ+6GF |  Near Central Bus Terminal |  Rangpur - Badarganj Rd
Nironjon & Sons, 4.4 stars 93 Reviews, Parker more ro Rangpur
রাজধানী বিরিয়ানি হাউজ, 5.0 stars 1 Reviews, 
Vo-Zone, 5.0 stars 7 Reviews, P7W3+6P4
ব্যঞ্জন - Banjon, 4.4 stars 27 Reviews, Shop:101 |  Near The Millinium School And College Rangpur City Bypass |  Cantonment
Sweet Heart Misty, 5.0 stars 1 Reviews, P7X3+MJM |  Adjacent to Jahaj Company Crockeries Market |  Dewanbari Road |  Shahid Mukhtar Sarani
SHOMVAR FOOD CORNER, 4.2 stars 5 Reviews, P7VC+2QF |  G L Roy Rd
Polok, 4.0 stars 203 Reviews, 196 Central Rd
G.l |  Roy Road Rangpur, 4.2 stars 22 Reviews, 
Tanushi Food & Beverage, 4.1 stars 59 Reviews, Q64X+4PX |  Near rangpur Rangpur city
Safe & Save Restaurant, 3.5 stars 2 Reviews, Q66J+XF5 |  Cantonment Rd
Baba Maayer Dowa Mahedi Chotpoti Fuchka House, 4.4 stars 24 Reviews, R.K Road |  Opposite of RAMC
pizzaology Rangpur, 3.5 stars 4 Reviews, 
Chef’s Kitchen, 4.3 stars 119 Reviews, Q723+28H
Bibek Hotel & Resturant, 3.8 stars 131 Reviews, 6th Floor |  House 1 |  Road 1 |  Char Tola More |  College Rd
Jalojog, 4.1 stars 39 Reviews, 
Twin Rooftop Restaurant, 5.0 stars 3 Reviews, Opposite of DC Banglow |  Cantonment Road
Australian Burger, 4.7 stars 17 Reviews, Q723+X9C |  City Bazar Rd
Snack & Chill, 4.0 stars 155 Reviews, G L Roy Rd
Pizza To, 4.1 stars 11 Reviews, 
The City Palace, 3.8 stars 67 Reviews, 
Bangla Cafe, 5.0 stars 6 Reviews, Rangpur - Gangachara Rd
Panshi Thai & Chinese Restaurant, 4.7 stars 6 Reviews, 
Food Zone The RCMC Cafeteria, 4.1 stars 7 Reviews, Q64R+8RX
Adhikary Misti Mukh, 3.6 stars 11 Reviews, Ainjibi Shomiti Vobon |  Kachari Bazar Road
Babu Tea Stall, 3.1 stars 21 Reviews, Q67J+FMM |  Cant Public School And College Under The Overpass |  R.K. Rd
Bondhu Hotel and Biriyani House, 3.9 stars 960 Reviews, Police Comunity hall |  Police Line Road
নিউ মা-মনি হোটেল এন্ড রেস্টুরেন্ট, 4.7 stars 7 Reviews, P7HR+9F5
Captain Bakeology, 3.8 stars 16 Reviews, Q67J+3JV |  R.K. Rd
Green Cafe, 4.7 stars 3 Reviews, Korigram Road Rangpur Sador
Dhaka Biriyani House, 4.2 stars 123 Reviews, 
Burgerland, 3.5 stars 8 Reviews, P7G3+8VJ |  কলেজ রোড
Pizz&Burg, 4.8 stars 6 Reviews, Q752+QPQ |  Honuman Tola Road
Changpai Hotel and Fast Food, 4.4 stars 5 Reviews, Q63V+WRR Sonali Bank Ltd |  City Bazar Rd
Lam Hotel And Mistanno Vandar, 4.0 stars 44 Reviews, P787+H5
Hotel Monomita, 4.0 stars 19 Reviews, P5XR+FQ7
কারাগার রেস্টুরেন্ট :⁠^⁠), 4.1 stars 126 Reviews, 2nd floor |  J.S.K Tower |  G L Roy Rd
মধুবন হোটেল |  Badorgongroad |  Rangpur., 2.9 stars 23 Reviews, 
Kacchi Dine - Rangpur, 3.8 stars 74 Reviews, Q723+5PR |  Nearest Aziz Super Market |  Station Road |  Payra Chattar
Cafe Green Valley, 5.0 stars 1 Reviews, 
Rasel Hotel, 3.0 stars 3 Reviews, SaGai Restaurant
Kutum Bari, 4.0 stars 438 Reviews, grand hotel more |  New সেন পাড়া রোড
SaGai Restaurant, 3.5 stars 2 Reviews, 
Ershad hotel and restaurant, 4.3 stars 7 Reviews, P7X4+4RP |  G L Roy Rd
মালঞ্চ রেস্টুরেন্ট, 3.4 stars 21 Reviews, Q733+373
Sabuj Hotel And Restora, 4.0 stars 28 Reviews, P6VF+HC8 |  Near Of Medical College Mor |  Badarganj Road
ঢাকা হাজী নান্না বিরিয়ানী হাউস, 5.0 stars 1 Reviews, 
Nir Fast Food & Coffee Shop, 4.3 stars 3 Reviews, 
Basher Bari Restaurant, 4.2 stars 30 Reviews, Q66Q+5QP |  Dhaap Road
অনির্বাণ কমিউনিটি সেন্টার, 4.1 stars 416 Reviews, 
Dhaka Fast Food 4, 4.2 stars 6 Reviews, Central Rd
K Kitchen, 3.1 stars 10 Reviews, 
