ROVERS CAFE, 4.2 stars 1 | 247 Reviews, Upper Jessore Rd
Firefly Restaurant, 4.1 stars 704 Reviews, Khulna City Bypass
The Lake View Restaurant |  Khulna, 4.0 stars 147 Reviews, Rail Road Crossing Bridge |  Khulna - Jessore - Dhaka Hwy
Eatery, 3.7 stars 222 Reviews, 47 |  Ferdous Plaza |  Opposite Khulna Museum |  Majid Sarani |  Shib Bari More Cir
Deshi Kitchen, 4.1 stars 1 | 749 Reviews, 44 Mazid Soroni Road |  Sonadanga |  লাজফার্মার শোরুমের দ্বো-তলায় |  সোনাডাঙা সেকেন্ড ফেইজের প্রবেশগেটের বিপরীতে
Coffee Glory |  Khulna, 4.3 stars 486 Reviews, 977 Upper Jessore Rd
Mejban bari |  Khulna, 4.0 stars 156 Reviews, Gollamari - Sonadanga Bypass Rd
New Kaifeng Chinese Restaurant, 4.0 stars 945 Reviews, 132 |  133 Upper Jessore Rd
Guhaa Restaurant, 3.8 stars 999 Reviews, M A Bari St
Chinese Palace, 4.0 stars 1 | 398 Reviews, 45 Ahsan Ahmed Rd
Bistro C, 4.2 stars 1 | 213 Reviews, RH57+X2X
Kacchi Ghor, 4.0 stars 1 | 404 Reviews, KDA Ave
Cafe Burger World - Khulna, 4.4 stars 11 Reviews, In front of Khulna University |  Main Gate
Ooh La La, 4.2 stars 85 Reviews, 977 Upper Jessore Rd
Canton Thai & Chinese Restaurant, 3.8 stars 226 Reviews, 4 Ahsan Ahmed Rd
জাফলং রেস্টুরেন্ট Jaflong Restaurant, 3.3 stars 8 Reviews, ৩৩ নং সেন্ট্রাল ব্লক রোড নং ১৫০ হাউজিং এস্টেট খালিশপুর Khulna
Khulna Grand Darbar Restaurant & Party Center, 3.6 stars 49 Reviews, Afraz Tower |  962 Upper Jessore Rd
Raj Kachuri Restaurant, 3.8 stars 483 Reviews, VG8G+XW3 |  Jessore Khulna Road |  Opposite Of Safe & Safe
7 Miles Restro & Cafe, 4.1 stars 138 Reviews, Khaja Yousuf Ali chisti Road |  Beside Hotel City Inn |  102 |  1 Ka Majid Sarani
A Rahman Hotel & Restaurant, 3.9 stars 127 Reviews, Nur Nagar |  Khulna - Jessore - Dhaka Highway |  Boyra |  Jessore Road
Khulna Home Chef's, 3.7 stars 3 Reviews, RGVQ+56X
Pasta Express, 4.0 stars 193 Reviews, ৯৬২ |  আফরাজ টাওয়ার ২য় তলা |  নিউ মার্কেট |  যশোর রোড |  খুলনা।
Hotel Al-Jamil, 4.3 stars 667 Reviews, VFCR+9WW |  Khulna City Bypass
Q Q Bubbles khulna, 4.0 stars 78 Reviews, 48 Ahsan Ahmed Rd
Dhaba @ Road Side, 4.1 stars 871 Reviews, B6 Majid Sarani
Pizzaology, 4.0 stars 915 Reviews, 118 Upper Jessore Rd
Laboni Hotel & Restaurant, 3.9 stars 238 Reviews, Mohsin More |  Daulatpur |  Jessor Road |  Khulna - Jessore - Dhaka Highway
Kudos - Khulna, 4.2 stars 155 Reviews, 102 |  Soroni শিব বাড়ী মোড় |  1 Majid Sarani
Emotions Restaurant, 4.3 stars 50 Reviews, 30 KDA Approach Rd
Kacchi Bhai - Khulna, 4.5 stars 1 | 117 Reviews, 12 KDA Ave
গ্রিল হাউস, 3.8 stars 349 Reviews, KDA |  New Market |  Khulna - Jessore - Dhaka Hwy
Rupkatha Restaurant, 4.0 stars 332 Reviews, rood | zero point |  Khulna - Satkhira Rd
Raw canvas cafe & restro, 3.8 stars 9 Reviews, Opposite Side of Safe N Safe Khulna Upper jessore road |  hazi shariatullah market
Mughol dorbar-khulna, 3.2 stars 5 Reviews, 33 |  PTI MORE |  1 Ahsan Ahmed Rd
Road Home Chinese & Restaurant, 3.9 stars 60 Reviews, 83 S Central Rd
Saffron Restaurant |  Khulna, 3.3 stars 16 Reviews, M. A. Bari Link Road |  Sonadanga Bypass Rd
Kitchen Express, 4.1 stars 246 Reviews, Masjid Market Complex |  K D A |  New Market Khulna 9200 BD |  New Market Rd
Signature Cafe Khulna, 4.2 stars 81 Reviews, 2 New Market Rd
Rubel Fuchka & Fast Food Bazar, 3.8 stars 42 Reviews, RGWR+744
4Cheez, 4.0 stars 732 Reviews, RHC3+37H |  KDA Ave
Jing ling cafe and restaurant khulna, 2.8 stars 4 Reviews, Afraz Tower |  962 Upper Jessore Rd
Al Madina Restaurant, 2.3 stars 9 Reviews, RH97+W37 |  Thakur Bari Ln
Khulna Grand Darbar Restaurant & Party Center, 3.6 stars 49 Reviews, ES PLAZA 22 |  FARAJI PARA ROAD MOILAPOTA MORE
Satyanarayan Temple & Niramis Restaurant, 4.4 stars 29 Reviews, 37 KDA Approach Rd
KFC Khulna, 4.1 stars 731 Reviews, VG9G+2V5 |  Dhaka-Jessore-Khulna Rd
Food Garden, 3.9 stars 27 Reviews, G-8 Khan Jahan Ali Rd
নিউ চাইনিজ হ্যাভেন, 4.1 stars 21 Reviews, RH95+7JJ Power House More |  Sher-E-Bangla Rd
The Avenue Restaurant, 4.2 stars 162 Reviews, Borobazar Rd
Wimpy's, 4.2 stars 19 Reviews, highway Khulna - Satkhira Rd
Gesco Kabab, 4.1 stars 1 | 257 Reviews, Opposite of Safe 'N' Save Daulatpur  |  Khulna
Vrinda's Kitchen Khulna, 4.1 stars 15 Reviews, QGXH+58V |  Khulna - Satkhira Rd
Wendy's food Court, 4.2 stars 205 Reviews, RG4R+66H
Kamrul Hotel, 4.1 stars 3 | 351 Reviews, 20 No Helatala Rd
The Prince Hotel And Cafe, 5.0 stars 12 Reviews, 18 Helatala Rd
গোলপাতার রসুই হোটেল এন্ড রেস্টুরেন্ট, 4.3 stars 206 Reviews, 4 Khan E Sabur Road |  Dak Bangla More |  Khulna
Dhakaia Biye Bari, 4.0 stars 188 Reviews, RH88+Q7J |  K.D. Ghos Rd
Alifa Hotel and restaurant, 5.0 stars 1 Reviews, Shanti Dam More |  23 Shamsur Rahman Rd
Dhanshiri hotel and restaurant, 3.0 stars 6 Reviews, সরকারি হাজী মোহাম্মদ মহসিন কলেজের গেইট |  মোহাম্মদ মহসিন কলেজের সামনে
নিউ রহমানিয়া হোটেল, 3.8 stars 51 Reviews, RH86+W3W |  Upper Jessore Rd
Shahed Ali Restaurant, 3.2 stars 5 Reviews, 35 Ahsan Ahmed Rd
Prince mini chinese, 3.7 stars 39 Reviews, 1No Dhormasova Cross Road
Hungry Foodies, 4.1 stars 26 Reviews, VG6P+XVQ |  BIDC Rd
Mega Biriyani House, 4.1 stars 26 Reviews, 6no | balur ghat | voirob nodir par | 9100 | joraget Khulna
Salt & Pepper, 3.8 stars 20 Reviews, 16 N7
Sultan Hotel, 4.1 stars 15 Reviews, KDA Approach Rd
Joya's Cooking Studio, 4.0 stars 2 Reviews, pioneer collage |  Babu Khan Rd
হুং'স, 3.4 stars 46 Reviews, RGFX+WWC
Bismillah Restaurant and Tea Stall, 4.4 stars 14 Reviews, 7rasta more backside of gorib newaj clinic
Food O'Clock, 3.9 stars 264 Reviews, 7/2 |  Boyra Mohila College More |  1 Jalil - Sarani
কুটুম বাড়ি Fast Food & Coffee Corner, 4.0 stars 74 Reviews, RH87+4J8 |  Sir Iqbal Rd
Jobed Hotel |  জবেদ হোটেল, 4.2 stars 56 Reviews, kazi Palace |  41 Ibrahim Road |  Shibbari Circle |  Sonadanga  |  Khulna
Golden Kitchen Restaurant & Party Zone, 4.0 stars 8 Reviews, Majid Sarani | Sibbari | Khulna |  Opposite Hotel City Inn
Fuska Khi (ফুচকা খাই), 4.0 stars 64 Reviews, 7 Islampur Rd
Cheesy, 4.3 stars 10 Reviews, Islam Nagar Rd
Adda Hotel & Restaurant, 5.0 stars 1 Reviews, Beside Circuit House |  10 Fire Brigade Road
Afghani Khushboo Biriyani and Restaurant, 5.0 stars 2 Reviews, QGXH+689 |  N709
D' SPICE KING, 3.6 stars 59 Reviews, RGHV+G24 |  Boyra Main Rd
Sultan's Dine Khulna, 3.6 stars 16 Reviews, RG4R+M22
Dada Kitchen & Party Centre, 4.3 stars 7 Reviews, 7 |  2 Islampur Rd
Mama Noura, 4.3 stars 52 Reviews, 95 S Central Rd
Lazeez, 4.6 stars 17 Reviews, QGXH+87G
Talukdar Hotel and Cataring Service, 4.0 stars 2 Reviews, ৯৭ |  এম এ বারী সড়ক |  সোনাডাঙা বাইপাস রোড
Kacchi Dine - Khulna, 4.3 stars 27 Reviews, VG2J+2FC
Khulna Kitchen, 5.0 stars 3 Reviews, 158 M.A Bari |  by pass road
Burger Time, 5.0 stars 3 Reviews, New Market
Flame, 4.0 stars 1 Reviews, 100 Khan Jahan Ali Rd
Manna Wa salwa, 2.3 stars 3 Reviews, 35 |  Piper Mor |  Miapara |  Jinnahpara Main Rd
Kutumbari Restaurant, 4.1 stars 228 Reviews, Daulatpur Senhati Rd
Pizzaplex Khulna, 4.0 stars 11 Reviews, RG6M+HWX |  Sonadanga Bypass Rd
Tatka Kitchen-Khulna, 4.0 stars 39 Reviews, 2 Old Jessore Rd
Nanna Biriyani, 4.3 stars 8 Reviews, QGWH+5V8 |  Anika Street |  Guljan City |  Labanchara Thana Khulna
Eat & Meet, 4.4 stars 5 Reviews, RH77+VH6
Home Made Biryani and Burger, 4.2 stars 3 | 124 Reviews, 6 Babu Khan Rd
Bhai Bhai Hotel & Restaurant, 4.8 stars 6 Reviews, Holding no- 47 |  Ferdous Plaza |  42 Majid Sarani
ভাই ভাই হোটেল এন্ড রেস্টুরেন্ট, 5.0 stars 5 Reviews, RG2Q+8PF
Hotel Castle Salam, 3.5 stars 6 Reviews, RH54+384 |  West |  9100 Purba Baniakhamar Main Rd
Pan Shiri, 5.0 stars 1 Reviews, QHPG+9WG
Food Tunnel, 3.9 stars 21 Reviews, ৭ নং লঞ্চ ঘাট |  খালিশপুর |  খুলনা।
Chittagong Mejbani House, 3.8 stars 69 Reviews, RHC2+8HX |  KDA Approach Rd
Vurivoj, 4.8 stars 4 Reviews, RGFR+JMV
AMMIS Kitchen, 3.7 stars 23 Reviews, RH66+687 |  KDA Ave
Dining Delight, 5.0 stars 5 Reviews, RG3M+46H
Faruk kabab, 4.6 stars 15 Reviews, 9-1 |  KDA Approach Rd
Restaurant Adda, 4.4 stars 18 Reviews, 35 Ahsan Ahmed Rd
The Kacchi King, 5.0 stars 5 Reviews, Food Studio Food Court
Rasmi Mini Chinese Restaurant, 4.3 stars 12 Reviews, 69 | Cemetery Road |  Dak Bangla
ভৈরবী, 4.6 stars 149 Reviews, 282 Khan Jahan Ali Rd
Slieez Khulna, 4.3 stars 174 Reviews, Bazar |  Khalishpur
Home made kitchen, 4.3 stars 7 Reviews, 27 Clay Rd
Banoful Fast Food Center, 3.9 stars 887 Reviews, RHJ3+3Q8 |  7 Number Ghat Rd
Topon's, 3.9 stars 697 Reviews, সবুজ সাথী প্রিন্টিং প্রেস এর বিল্ডিং |  ছোট মির্জাপুর |  খুলনা।
